{"RECALL": {"STANDING": 0.0, "BENDING": 0.03296703296703297, "WALKING": 0.014285714285714285, "CYCLING (SITTING)": 0.26025459688826025, "SITTING": 0.0, "CYCLING (STANDING)": 0.0, "RUNNING": NaN, "STAIRS (UP)": 0.25, "STAIRS (DOWN)": 0.09375, "LYING": 0.0}, "SPECIFICITY": {"STANDING": 0.9995560816809707, "BENDING": 0.4366641433257633, "WALKING": 0.9952172180151455, "CYCLING (SITTING)": 0.9822161422708618, "SITTING": 1.0, "CYCLING (STANDING)": 1.0, "RUNNING": 0.9980042409879007, "STAIRS (UP)": 0.946927024658906, "STAIRS (DOWN)": 0.6569818409517846, "LYING": 1.0}, "PRECISION": {"STANDING": 0.0, "BENDING": 0.0006714413607878246, "WALKING": 0.16279069767441862, "CYCLING (SITTING)": 0.5859872611464968, "SITTING": NaN, "CYCLING (STANDING)": NaN, "RUNNING": 0.0, "STAIRS (UP)": 0.016241299303944315, "STAIRS (DOWN)": 0.0010940919037199124, "LYING": NaN}, "ACCURACY": 0.025445927404265933}